feature,score,max,min,n_null,type
x148,1931,,,19,numeric
x363,1828,,,0,numeric
x193,1631,,,19,numeric
x944,1586,,,285,numeric
x2,1562,,,19,numeric
x791,1525,,,19,numeric
x606,1492,,,19,numeric
x189,1489,,,19,numeric
x29,1422,,,83,numeric
x412,1421,,,19,numeric
x951,1411,,,138,numeric
x767,1401,,,19,numeric
x368,1367,,,92,numeric
x53,1293,,,92,numeric
x404,1284,,,19,numeric
x367,1278,,,92,numeric
x407,1270,,,19,numeric
x6,1266,,,19,numeric
x554,1246,,,667,numeric
x352,1234,,,0,numeric
x735,1225,,,19,numeric
x138,1198,,,83,numeric
x995,1192,,,19,numeric
x137,1180,,,83,numeric
x175,1171,,,19,numeric
x58,1150,,,83,numeric
x226,1139,,,19,numeric
x227,1131,,,19,numeric
x42,1115,,,19,numeric
x82,1112,,,92,numeric
x114,1101,,,19,numeric
x171,1094,,,19,numeric
x486,1093,,,20,numeric
x940,1092,,,285,numeric
x172,1085,,,19,numeric
x135,1028,,,83,numeric
x162,1018,,,131,numeric
x11,1006,,,19,numeric
x406,1002,,,19,numeric
x999,998,,,19,numeric
x552,982,,,41,numeric
x879,977,,,19,numeric
x417,947,,,0,category
x433,939,,,52,numeric
x346,934,,,0,numeric
x422,926,,,19,numeric
x235,922,,,92,numeric
x212,917,,,131,numeric
x145,910,,,19,numeric
x490,905,,,19,numeric
x192,898,,,19,numeric
x96,893,,,83,numeric
x941,890,,,285,numeric
x159,880,,,92,numeric
x357,871,,,160,numeric
x829,869,,,19,numeric
x99,869,,,130,numeric
x115,868,,,19,numeric
x236,865,,,131,numeric
x591,864,,,19,numeric
x200,858,,,19,numeric
x191,854,,,19,numeric
x107,845,,,19,numeric
x65,835,,,130,numeric
x10,830,,,19,numeric
x234,828,,,92,numeric
x398,823,,,22,numeric
x204,822,,,92,numeric
x149,811,,,19,numeric
x494,808,,,19,numeric
x120,804,,,92,numeric
x110,801,,,19,numeric
x37,784,,,19,numeric
x359,783,,,0,numeric
x336,781,,,7095,numeric
x210,781,,,92,numeric
x161,775,,,131,numeric
x72,774,,,19,numeric
x39,773,,,19,numeric
x356,768,,,0,numeric
x101,759,,,130,numeric
x950,757,,,161,numeric
x1024,753,,,19,numeric
x392,751,,,19,numeric
x178,751,,,92,numeric
x125,745,,,131,numeric
x305,744,,,19,numeric
x943,744,,,285,numeric
x952,743,,,206,numeric
x737,740,,,19,numeric
x168,740,,,19,numeric
x358,735,,,0,numeric
x98,731,,,130,numeric
x607,728,,,19,numeric
x8,728,,,19,numeric
x142,722,,,130,numeric
x772,721,,,19,numeric
x295,717,,,19,numeric
x27,714,,,83,numeric
x424,713,,,19,numeric
x55,708,,,131,numeric
x211,703,,,131,numeric
x428,703,,,52,numeric
x592,700,,,19,numeric
x778,694,,,19,numeric
x40,694,,,19,numeric
x190,692,,,19,numeric
x218,690,,,131,numeric
x559,687,,,19,numeric
x738,686,,,19,numeric
x362,685,,,0,numeric
x205,684,,,92,numeric
x38,683,,,19,numeric
x43,682,,,19,numeric
x94,675,,,83,numeric
x41,675,,,19,numeric
x364,673,,,92,numeric
x83,663,,,92,numeric
x482,660,,,23,numeric
x689,658,,,19,numeric
x121,658,,,92,numeric
x16,655,,,92,numeric
x342,651,,,19,numeric
x95,646,,,83,numeric
x134,642,,,83,numeric
x551,630,,,2307,numeric
x9,624,,,19,numeric
x953,620,,,144,numeric
x130,615,,,131,numeric
x51,612,,,92,numeric
x119,604,,,92,numeric
x462,602,,,0,numeric
x395,599,,,19,numeric
x93,596,,,83,numeric
x1137,596,,,0,category
x13,588,,,19,numeric
x681,587,,,19,numeric
x30,587,,,130,numeric
x208,587,,,92,numeric
x769,586,,,19,numeric
x958,586,,,6105,numeric
x35,585,,,19,numeric
x76,584,,,19,numeric
x239,581,,,131,numeric
x18,581,,,92,numeric
x158,579,,,92,numeric
x645,577,,,2386,numeric
x50,575,,,92,numeric
x584,574,,,19,numeric
x100,573,,,130,numeric
x578,570,,,19,numeric
x959,569,,,4421,numeric
x230,569,,,19,numeric
x353,568,,,0,numeric
x28,568,,,83,numeric
x956,565,,,4421,numeric
x409,564,,,19,numeric
x113,564,,,19,numeric
x109,563,,,19,numeric
x195,563,,,19,numeric
x165,562,,,131,numeric
x26,562,,,83,numeric
x52,562,,,92,numeric
x3,561,,,19,numeric
x92,559,,,83,numeric
x966,558,,,12142,numeric
x292,555,,,19,numeric
x79,555,,,19,numeric
x418,554,,,19,numeric
x383,553,,,19,numeric
x21,552,,,131,numeric
x229,552,,,19,numeric
x169,552,,,19,numeric
x1129,549,,,0,category
x347,547,,,0,numeric
x365,547,,,92,numeric
x223,547,,,19,numeric
x222,546,,,19,numeric
x458,544,,,0,numeric
x730,542,,,4139,numeric
x123,542,,,131,numeric
x118,542,,,92,numeric
x180,541,,,92,numeric
x185,540,,,131,numeric
x31,536,,,130,numeric
x112,535,,,19,numeric
x240,534,,,131,numeric
x298,532,,,19,numeric
x914,532,,,4951,numeric
x481,528,,,20,numeric
x842,526,,,19,numeric
x1018,524,,,19,numeric
x986,524,,,19,numeric
x564,523,,,83,numeric
x284,522,,,19,numeric
x179,521,,,92,numeric
x700,520,,,19,numeric
x183,519,,,131,numeric
x71,519,,,19,numeric
x146,516,,,19,numeric
x568,515,,,19,numeric
x140,515,,,130,numeric
x942,514,,,285,numeric
x70,508,,,19,numeric
x147,505,,,19,numeric
x413,504,,,19,numeric
x957,499,,,4421,numeric
x329,498,,,4281,numeric
x228,498,,,19,numeric
x286,495,,,19,numeric
x4,495,,,19,numeric
x150,494,,,19,numeric
x337,493,,,19,numeric
x293,492,,,19,numeric
x323,485,,,19,numeric
x583,484,,,19,numeric
x678,481,,,19,numeric
x961,481,,,4421,numeric
x122,479,,,92,numeric
x25,479,,,83,numeric
x1,477,,,19,numeric
x163,476,,,131,numeric
x348,475,,,0,numeric
x167,471,,,19,numeric
x14,470,,,19,numeric
x60,468,,,83,numeric
x878,465,,,19,numeric
x199,465,,,19,numeric
x771,463,,,19,numeric
x136,463,,,83,numeric
x852,462,,,19,numeric
x828,462,,,19,numeric
x757,461,,,19,numeric
x128,460,,,131,numeric
x864,459,,,19,numeric
x233,459,,,92,numeric
x873,458,,,19,numeric
x181,458,,,92,numeric
x88,457,,,131,numeric
x131,457,,,131,numeric
x729,456,,,9554,numeric
x289,456,,,907,numeric
x126,454,,,131,numeric
x254,451,,,19,numeric
x373,451,,,19,numeric
x44,450,,,19,numeric
x84,450,,,92,numeric
x231,450,,,19,numeric
x132,448,,,131,numeric
x206,448,,,92,numeric
x1109,447,,,0,category
x366,445,,,92,numeric
x476,442,,,20,numeric
x246,441,,,19,numeric
x400,441,,,19,numeric
x66,441,,,130,numeric
x1026,440,,,19,numeric
x434,439,,,52,numeric
x483,438,,,20,numeric
x382,437,,,19,numeric
x361,434,,,0,numeric
x133,433,,,83,numeric
x74,429,,,19,numeric
x822,427,,,19,numeric
x1117,427,,,0,category
x270,424,,,19,numeric
x156,424,,,92,numeric
x866,422,,,19,numeric
x19,422,,,131,numeric
x22,422,,,131,numeric
x20,419,,,131,numeric
x435,418,,,52,numeric
x57,417,,,131,numeric
x176,416,,,92,numeric
x963,416,,,4421,numeric
x157,415,,,92,numeric
x766,412,,,19,numeric
x556,412,,,19,numeric
x81,410,,,92,numeric
x59,410,,,83,numeric
x1114,410,,,0,category
x304,408,,,19,numeric
x397,408,,,19,numeric
x106,408,,,19,numeric
x856,407,,,19,numeric
x77,407,,,19,numeric
x396,406,,,19,numeric
x141,405,,,130,numeric
x209,405,,,92,numeric
x68,403,,,130,numeric
x549,400,,,846,numeric
x62,400,,,83,numeric
x252,398,,,19,numeric
x153,398,,,19,numeric
x967,396,,,12142,numeric
x748,393,,,19,numeric
x241,392,,,19,numeric
x1055,392,,,4951,numeric
x111,392,,,19,numeric
x656,390,,,19,numeric
x557,389,,,19,numeric
x734,388,,,19,numeric
x215,388,,,131,numeric
x237,388,,,131,numeric
x299,387,,,19,numeric
x548,387,,,47,numeric
x89,387,,,131,numeric
x219,387,,,131,numeric
x184,386,,,131,numeric
x164,386,,,131,numeric
x73,385,,,19,numeric
x1138,382,,,0,category
x151,381,,,19,numeric
x471,380,,,20,numeric
x154,380,,,92,numeric
x91,380,,,83,numeric
x1019,378,,,19,numeric
x203,377,,,19,numeric
x780,377,,,44,numeric
x760,373,,,19,numeric
x499,373,,,19,numeric
x24,373,,,131,numeric
x173,373,,,19,numeric
x781,372,,,19,numeric
x601,372,,,19,numeric
x1009,371,,,19,numeric
x124,370,,,131,numeric
x868,367,,,19,numeric
x306,367,,,19,numeric
x214,367,,,131,numeric
x477,366,,,20,numeric
x427,366,,,52,numeric
x61,366,,,83,numeric
x296,365,,,19,numeric
x558,363,,,19,numeric
x143,362,,,130,numeric
x36,362,,,19,numeric
x266,360,,,19,numeric
x216,360,,,131,numeric
x647,359,,,10188,numeric
x954,359,,,4421,numeric
x187,359,,,19,numeric
x825,358,,,19,numeric
x506,357,,,19,numeric
x350,357,,,0,numeric
x634,356,,,19,numeric
x820,356,,,989,numeric
x792,353,,,19,numeric
x721,353,,,19,numeric
x129,352,,,131,numeric
x545,351,,,19,numeric
x384,351,,,19,numeric
x947,350,,,285,numeric
x325,350,,,19,numeric
x478,349,,,20,numeric
x399,349,,,19,numeric
x67,348,,,130,numeric
x393,345,,,19,numeric
x429,345,,,52,numeric
x593,345,,,44,numeric
x213,344,,,131,numeric
x1011,342,,,19,numeric
x582,341,,,19,numeric
x697,340,,,19,numeric
x909,340,,,4951,numeric
x933,340,,,4951,numeric
x15,339,,,92,numeric
x97,339,,,83,numeric
x255,338,,,19,numeric
x474,338,,,20,numeric
x257,337,,,19,numeric
x979,336,,,19,numeric
x294,335,,,19,numeric
x1115,334,,,0,category
x824,333,,,19,numeric
x534,333,,,19,numeric
x992,332,,,19,numeric
x127,332,,,131,numeric
x469,331,,,0,numeric
x144,329,,,130,numeric
x605,328,,,19,numeric
x421,328,,,19,numeric
x87,327,,,131,numeric
x411,326,,,0,category
x690,325,,,19,numeric
x524,323,,,19,numeric
x307,323,,,19,numeric
x102,323,,,130,numeric
x1083,322,,,4951,numeric
x196,322,,,19,numeric
x996,321,,,19,numeric
x274,321,,,12095,numeric
x655,321,,,19,numeric
x858,320,,,19,numeric
x764,320,,,19,numeric
x550,320,,,6115,numeric
x188,320,,,19,numeric
x475,318,,,20,numeric
x155,318,,,92,numeric
x746,316,,,19,numeric
x282,315,,,19,numeric
x379,313,,,19,numeric
x885,313,,,4951,category
x1029,312,,,19,numeric
x330,310,,,4280,numeric
x268,309,,,19,numeric
x46,309,,,19,numeric
x56,309,,,131,numeric
x338,308,,,19,numeric
x430,307,,,52,numeric
x565,305,,,19,numeric
x401,305,,,19,numeric
x78,305,,,19,numeric
x75,304,,,19,numeric
x520,303,,,19,numeric
x1023,303,,,19,numeric
x7,302,,,19,numeric
x186,302,,,19,numeric
x34,302,,,19,numeric
x47,301,,,92,numeric
x949,300,,,285,numeric
x988,300,,,19,numeric
x177,300,,,92,numeric
x514,298,,,19,numeric
x974,296,,,13588,numeric
x354,296,,,0,numeric
x1102,296,,,4951,numeric
x403,295,,,19,numeric
x194,295,,,19,numeric
x731,294,,,6130,numeric
x652,294,,,19,numeric
x846,293,,,19,numeric
x698,293,,,19,numeric
x472,293,,,20,numeric
x946,291,,,285,numeric
x166,291,,,131,numeric
x529,290,,,19,numeric
x563,290,,,19,numeric
x977,290,,,19,numeric
x1103,290,,,4951,numeric
x272,289,,,19,numeric
x1077,289,,,4951,numeric
x160,289,,,131,numeric
x890,289,,,4951,numeric
x207,289,,,92,numeric
x334,288,,,19,numeric
x937,287,,,4951,numeric
x1110,287,,,0,category
x485,286,,,20,numeric
x86,285,,,92,numeric
x1004,283,,,19,numeric
x964,283,,,4421,numeric
x835,282,,,19,numeric
x978,282,,,19,numeric
x343,282,,,170,numeric
x182,282,,,92,numeric
x763,280,,,19,numeric
x355,280,,,0,numeric
x649,280,,,13242,numeric
x408,277,,,19,numeric
x288,277,,,7817,numeric
x238,277,,,131,numeric
x431,276,,,52,numeric
x1005,276,,,19,numeric
x479,275,,,20,numeric
x390,274,,,19,numeric
x736,273,,,19,numeric
x85,273,,,92,numeric
x643,271,,,19,numeric
x103,270,,,130,numeric
x1108,270,,,0,category
x667,270,,,19,numeric
x875,269,,,19,numeric
x997,268,,,19,numeric
x105,268,,,130,numeric
x17,268,,,92,numeric
x579,267,,,19,numeric
x220,267,,,19,numeric
x198,267,,,19,numeric
x685,266,,,19,numeric
x976,264,,,19,numeric
x782,263,,,19,numeric
x590,263,,,19,numeric
x344,262,,,34,numeric
x1067,262,,,4951,numeric
x104,262,,,130,numeric
x722,261,,,19,numeric
x704,261,,,19,numeric
x349,261,,,0,numeric
x1130,261,,,0,category
x287,260,,,19,numeric
x1064,260,,,4951,numeric
x1090,259,,,4951,numeric
x493,259,,,83,numeric
x117,259,,,92,numeric
x394,258,,,19,numeric
x575,257,,,19,numeric
x385,257,,,19,numeric
x733,257,,,19,numeric
x340,256,,,19,numeric
x585,256,,,19,numeric
x267,255,,,19,numeric
x63,253,,,130,numeric
x843,252,,,19,numeric
x546,252,,,3900,numeric
x388,252,,,19,numeric
x1021,252,,,19,numeric
x651,251,,,19,numeric
x470,251,,,0,numeric
x54,251,,,131,numeric
x972,250,,,13588,numeric
x1057,250,,,4951,numeric
x33,250,,,130,numeric
x968,249,,,12142,numeric
x768,249,,,19,numeric
x851,249,,,19,numeric
x713,248,,,19,numeric
x497,248,,,83,numeric
x609,247,,,19,numeric
x1060,247,,,4951,numeric
x387,247,,,19,numeric
x555,245,,,19,numeric
x285,245,,,19,numeric
x982,244,,,19,numeric
x1003,243,,,19,numeric
x777,243,,,19,numeric
x1125,243,,,0,category
x90,242,,,131,numeric
x675,242,,,19,numeric
x80,241,,,92,numeric
x64,240,,,130,numeric
x981,239,,,19,numeric
x217,239,,,131,numeric
x1020,238,,,19,numeric
x594,237,,,19,numeric
x573,236,,,19,numeric
x560,236,,,19,numeric
x370,236,,,19,numeric
x512,235,,,19,numeric
x646,235,,,13169,numeric
x49,235,,,92,numeric
x444,235,,,13651,category
x1059,234,,,4951,numeric
x920,234,,,4951,numeric
x955,234,,,4421,numeric
x669,233,,,19,numeric
x904,233,,,4951,numeric
x633,232,,,19,numeric
x480,231,,,21,numeric
x994,229,,,19,numeric
x1001,229,,,19,numeric
x232,229,,,92,numeric
x253,226,,,19,numeric
x960,226,,,4421,numeric
x752,225,,,19,numeric
x460,225,,,0,numeric
x484,223,,,20,numeric
x924,223,,,4951,numeric
x749,222,,,19,numeric
x707,222,,,19,numeric
x386,222,,,19,numeric
x511,220,,,19,numeric
x152,220,,,19,numeric
x197,219,,,19,numeric
x865,218,,,19,numeric
x709,216,,,19,numeric
x1068,215,,,4951,numeric
x326,215,,,19,numeric
x892,214,,,4951,numeric
x887,213,,,4951,numeric
x174,213,,,19,numeric
x1074,211,,,4951,numeric
x244,211,,,19,numeric
x805,210,,,19,numeric
x802,210,,,19,numeric
x389,210,,,19,numeric
x48,210,,,92,numeric
x45,210,,,19,numeric
x836,209,,,19,numeric
x339,209,,,19,numeric
x12,209,,,19,numeric
x683,208,,,19,numeric
x796,207,,,19,numeric
x360,207,,,0,numeric
x1116,207,,,0,category
x139,207,,,83,numeric
x653,206,,,19,numeric
x576,205,,,19,numeric
x800,204,,,19,numeric
x821,204,,,19,numeric
x473,203,,,20,numeric
x630,202,,,19,numeric
x374,202,,,19,numeric
x1120,202,,,0,category
x716,201,,,19,numeric
x849,201,,,19,numeric
x629,200,,,19,numeric
x614,200,,,19,numeric
x610,200,,,19,numeric
x277,199,,,19,numeric
x341,199,,,19,numeric
x1007,199,,,19,numeric
x5,199,,,19,numeric
x562,198,,,19,numeric
x1010,198,,,19,numeric
x857,197,,,19,numeric
x993,196,,,19,numeric
x224,196,,,19,numeric
x517,195,,,19,numeric
x271,194,,,19,numeric
x699,192,,,19,numeric
x621,192,,,19,numeric
x631,191,,,19,numeric
x679,191,,,19,numeric
x283,190,,,19,numeric
x371,190,,,19,numeric
x322,188,,,19,numeric
x823,186,,,19,numeric
x297,185,,,19,numeric
x201,185,,,19,numeric
x1104,184,,,4951,numeric
x867,183,,,19,numeric
x750,182,,,19,numeric
x847,182,,,19,numeric
x1131,182,,,0,category
x626,181,,,19,numeric
x1105,181,,,4951,numeric
x1111,180,,,0,category
x973,179,,,13588,numeric
x351,179,,,0,numeric
x818,179,,,13010,numeric
x530,178,,,19,numeric
x715,178,,,19,numeric
x826,178,,,19,numeric
x1015,177,,,19,numeric
x1053,177,,,4951,numeric
x1123,177,,,0,category
x553,176,,,6510,numeric
x513,175,,,19,numeric
x273,175,,,19,numeric
x1135,175,,,0,category
x432,174,,,52,numeric
x747,174,,,19,numeric
x686,173,,,19,numeric
x761,173,,,19,numeric
x23,173,,,131,numeric
x225,172,,,19,numeric
x259,171,,,19,numeric
x1087,171,,,4951,numeric
x676,170,,,19,numeric
x1072,170,,,4951,numeric
x372,170,,,19,numeric
x436,169,,,52,numeric
x990,169,,,19,numeric
x804,168,,,19,numeric
x1022,168,,,19,numeric
x613,167,,,19,numeric
x703,166,,,19,numeric
x410,165,,,19,numeric
x657,164,,,19,numeric
x844,163,,,19,numeric
x581,162,,,19,numeric
x116,162,,,19,numeric
x574,161,,,19,numeric
x544,161,,,19,numeric
x803,160,,,19,numeric
x522,159,,,19,numeric
x503,159,,,83,numeric
x32,158,,,130,numeric
x809,157,,,19,numeric
x509,157,,,19,numeric
x345,156,,,19,numeric
x405,156,,,19,numeric
x381,155,,,19,numeric
x1049,154,,,19,numeric
x889,154,,,4951,numeric
x648,153,,,6585,numeric
x827,153,,,19,numeric
x674,152,,,19,numeric
x908,152,,,4951,numeric
x850,151,,,19,numeric
x391,151,,,19,numeric
x987,151,,,19,numeric
x533,149,,,19,numeric
x335,149,,,19,numeric
x1136,148,,,0,category
x948,147,,,286,numeric
x369,146,,,19,numeric
x984,143,,,19,numeric
x415,143,,,0,category
x705,139,,,19,numeric
x684,139,,,19,numeric
x687,138,,,19,numeric
x793,137,,,19,numeric
x732,136,,,19,numeric
x459,135,,,0,numeric
x69,135,,,130,numeric
x945,134,,,285,numeric
x589,134,,,19,numeric
x380,133,,,19,numeric
x1016,132,,,19,numeric
x624,131,,,19,numeric
x466,131,,,0,numeric
x1017,131,,,19,numeric
x910,131,,,4951,numeric
x654,127,,,19,numeric
x525,126,,,19,numeric
x570,126,,,19,numeric
x256,126,,,19,numeric
x921,126,,,4951,numeric
x650,125,,,10943,numeric
x170,125,,,19,numeric
x838,124,,,19,numeric
x1008,124,,,19,numeric
x202,124,,,19,numeric
x602,123,,,19,numeric
x1048,122,,,19,numeric
x269,121,,,19,numeric
x221,120,,,19,numeric
x290,119,,,19,numeric
x983,119,,,19,numeric
x378,119,,,19,numeric
x1078,118,,,4951,numeric
x939,118,,,4951,numeric
x810,117,,,19,numeric
x108,117,,,19,numeric
x442,117,,,13651,numeric
x611,116,,,19,numeric
x1113,113,,,0,category
x962,113,,,4421,numeric
x693,112,,,19,numeric
x790,112,,,19,numeric
x888,112,,,4951,numeric
x528,111,,,19,numeric
x523,111,,,19,numeric
x819,111,,,13061,numeric
x547,110,,,13030,numeric
x794,110,,,19,numeric
x930,110,,,4951,numeric
x934,110,,,4951,numeric
x535,109,,,19,numeric
x1073,108,,,4951,numeric
x918,108,,,4951,numeric
x623,107,,,19,numeric
x682,107,,,19,numeric
x742,105,,,19,numeric
x1112,105,,,0,category
x863,104,,,19,numeric
x327,103,,,92,numeric
x795,103,,,19,numeric
x527,103,,,19,numeric
x789,103,,,19,numeric
x753,103,,,19,numeric
x677,102,,,19,numeric
x985,102,,,19,numeric
x454,102,,,13778,category
x783,101,,,19,numeric
x250,100,,,19,numeric
x832,100,,,19,numeric
x531,99,,,19,numeric
x762,99,,,19,numeric
x799,99,,,19,numeric
x1133,99,,,0,category
x569,98,,,19,numeric
x938,98,,,4951,numeric
x1106,96,,,4951,numeric
x765,96,,,19,numeric
x991,96,,,19,numeric
x869,96,,,19,numeric
x935,95,,,4951,numeric
x265,94,,,19,numeric
x625,94,,,19,numeric
x1118,94,,,0,category
x1107,94,,,0,category
x242,93,,,19,numeric
x905,93,,,4951,numeric
x770,93,,,19,numeric
x874,93,,,19,numeric
x377,92,,,19,numeric
x521,91,,,19,numeric
x717,90,,,19,numeric
x243,90,,,19,numeric
x423,90,,,19,numeric
x561,89,,,19,numeric
x806,88,,,19,numeric
x880,88,,,19,numeric
x595,88,,,19,numeric
x1028,87,,,19,numeric
x720,85,,,19,numeric
x1066,85,,,4951,numeric
x464,85,,,0,numeric
x1119,85,,,0,category
x1122,85,,,0,category
x931,85,,,4951,numeric
x1012,83,,,19,numeric
x1006,83,,,19,numeric
x659,82,,,19,numeric
x443,82,,,13651,numeric
x1002,81,,,19,numeric
x416,81,,,0,category
x837,80,,,19,numeric
x279,80,,,19,numeric
x882,80,,,4951,numeric
x532,79,,,19,numeric
x862,78,,,19,numeric
x1062,77,,,4951,numeric
x586,75,,,19,numeric
x461,75,,,0,numeric
x328,75,,,92,numeric
x414,75,,,19,numeric
x756,74,,,19,numeric
x577,74,,,19,numeric
x881,74,,,4951,numeric
x628,73,,,19,numeric
x708,73,,,19,numeric
x926,72,,,4951,numeric
x249,71,,,19,numeric
x1025,71,,,19,numeric
x839,71,,,19,numeric
x1084,69,,,4951,numeric
x580,69,,,19,numeric
x751,69,,,19,numeric
x845,68,,,19,numeric
x1075,68,,,4951,numeric
x870,67,,,19,numeric
x1046,67,,,24,category
x375,66,,,19,numeric
x980,65,,,19,numeric
x928,65,,,4951,numeric
x1127,65,,,0,category
x251,64,,,19,numeric
x664,64,,,19,numeric
x260,64,,,19,numeric
x841,64,,,19,numeric
x510,63,,,19,numeric
x971,63,,,19,numeric
x1081,62,,,4951,numeric
x808,62,,,19,numeric
x612,61,,,19,numeric
x902,61,,,4951,numeric
x671,58,,,19,numeric
x526,58,,,19,numeric
x467,58,,,0,numeric
x1126,58,,,0,category
x596,57,,,19,numeric
x543,57,,,19,numeric
x807,57,,,19,numeric
x245,56,,,19,numeric
x680,56,,,19,numeric
x1121,56,,,0,category
x425,55,,,19,numeric
x1063,55,,,4951,numeric
x1040,55,,,2850,category
x314,55,,,63,category
x465,53,,,0,numeric
x915,53,,,4951,numeric
x1013,53,,,19,numeric
x402,52,,,19,numeric
x840,52,,,19,numeric
x673,51,,,19,numeric
x893,51,,,4951,numeric
x309,51,,,2870,category
x263,50,,,19,numeric
x1089,50,,,4951,numeric
x1056,50,,,4951,numeric
x1071,49,,,4951,numeric
x324,49,,,19,numeric
x457,48,,,0,numeric
x519,48,,,19,numeric
x745,48,,,19,numeric
x567,48,,,19,numeric
x927,48,,,4951,numeric
x706,47,,,19,numeric
x1036,47,,,585,category
x759,46,,,19,numeric
x998,46,,,19,numeric
x917,46,,,4951,numeric
x779,46,,,44,numeric
x572,45,,,19,numeric
x331,45,,,19,numeric
x662,44,,,19,numeric
x1033,44,,,13355,category
x848,43,,,19,numeric
x608,43,,,19,numeric
x452,43,,,13778,category
x694,42,,,19,numeric
x420,42,,,19,numeric
x627,41,,,19,numeric
x376,41,,,19,numeric
x332,41,,,19,numeric
x932,41,,,4951,numeric
x891,41,,,4951,numeric
x313,40,,,95,category
x1085,39,,,4951,numeric
x622,39,,,19,numeric
x816,39,,,19,numeric
x1035,39,,,3642,category
x315,39,,,94,category
x426,39,,,19,category
x975,38,,,19,numeric
x871,38,,,19,numeric
x1128,38,,,0,category
x1037,38,,,24,category
x1027,37,,,19,numeric
x670,37,,,19,numeric
x258,36,,,19,numeric
x1094,36,,,4951,numeric
x632,36,,,19,numeric
x1000,36,,,19,numeric
x600,36,,,19,numeric
x639,36,,,19,numeric
x898,36,,,4951,numeric
x1034,36,,,13342,category
x1031,36,,,13298,category
x758,35,,,19,numeric
x691,35,,,19,numeric
x453,35,,,13778,category
x597,34,,,19,numeric
x537,34,,,19,numeric
x1058,34,,,4951,numeric
x969,34,,,19,numeric
x319,34,,,53,category
x711,33,,,19,numeric
x1101,32,,,4951,numeric
x1069,32,,,4951,numeric
x1124,31,,,0,category
x598,30,,,19,numeric
x492,30,,,19,numeric
x672,30,,,19,numeric
x989,30,,,19,numeric
x714,29,,,19,numeric
x1098,29,,,4951,numeric
x668,29,,,19,numeric
x445,29,,,13651,numeric
x302,29,,,25,category
x618,28,,,19,numeric
x1092,27,,,4951,numeric
x1091,27,,,4951,numeric
x1086,27,,,4951,numeric
x1014,27,,,19,numeric
x449,27,,,14051,category
x1082,26,,,4951,numeric
x1070,26,,,4951,numeric
x712,26,,,19,numeric
x719,26,,,19,numeric
x1061,26,,,4951,numeric
x1054,25,,,4951,numeric
x801,25,,,19,numeric
x599,25,,,19,numeric
x539,24,,,19,numeric
x817,24,,,19,numeric
x419,24,,,19,numeric
x701,24,,,19,numeric
x446,24,,,13651,numeric
x1044,24,,,13298,category
x1076,23,,,4951,numeric
x571,23,,,19,numeric
x900,23,,,4951,numeric
x439,23,,,13998,category
x884,23,,,4951,category
x883,23,,,4951,category
x1097,22,,,4951,numeric
x740,22,,,19,numeric
x275,22,,,19,numeric
x247,22,,,19,numeric
x540,22,,,83,numeric
x1039,22,,,13297,category
x1088,21,,,4951,numeric
x1043,21,,,453,category
x1032,21,,,34,category
x1099,20,,,4951,numeric
x724,20,,,19,numeric
x262,20,,,19,numeric
x784,20,,,19,numeric
x1030,20,,,19,numeric
x1047,20,,,576,category
x896,19,,,4951,numeric
x455,19,,,13778,category
x264,18,,,19,numeric
x919,18,,,4951,numeric
x739,17,,,19,numeric
x518,17,,,19,numeric
x1080,17,,,4951,numeric
x281,17,,,19,numeric
x754,17,,,19,numeric
x1096,16,,,4951,numeric
x755,16,,,19,numeric
x834,16,,,19,numeric
x502,15,,,19,numeric
x1041,15,,,3647,category
x1045,15,,,34,category
x280,14,,,19,numeric
x1079,14,,,4951,numeric
x456,14,,,13778,numeric
x1065,14,,,4951,numeric
x1050,14,,,13298,category
x901,13,,,4951,numeric
x508,12,,,19,numeric
x854,12,,,19,numeric
x1093,12,,,4951,numeric
x536,12,,,19,numeric
x936,12,,,4951,numeric
x811,12,,,83,numeric
x437,12,,,13998,numeric
x438,12,,,13998,category
x278,11,,,19,numeric
x925,11,,,4951,numeric
x301,11,,,14517,category
x1042,11,,,443,category
x505,10,,,83,numeric
x718,10,,,19,numeric
x970,10,,,19,numeric
x1051,10,,,13297,category
x261,9,,,19,numeric
x965,9,,,19,numeric
x886,9,,,4951,category
x312,9,,,63,category
x447,9,,,14051,category
x276,8,,,19,numeric
x903,8,,,4951,numeric
x311,8,,,3663,category
x310,8,,,3657,category
x317,8,,,85,category
x1100,7,,,4951,numeric
x907,7,,,4951,numeric
x1132,7,,,0,category
x300,7,,,8534,category
x833,6,,,19,numeric
x1095,6,,,4951,numeric
x291,6,,,19,numeric
x872,6,,,19,numeric
x916,6,,,4951,numeric
x906,6,,,4951,numeric
x702,5,,,19,numeric
x441,5,,,13998,numeric
x1134,5,,,0,category
x895,5,,,4951,numeric
x320,5,,,84,category
x316,5,,,53,category
x448,5,,,14051,category
x450,5,,,14051,category
x620,4,,,19,numeric
x507,4,,,83,numeric
x688,4,,,19,numeric
x248,4,,,19,numeric
x303,4,,,186,category
x321,4,,,19,category
x1052,4,,,13298,category
x644,3,,,19,numeric
x451,3,,,14051,numeric
x922,3,,,4951,numeric
x728,3,,,19,numeric
x619,3,,,19,numeric
x776,2,,,19,numeric
x498,2,,,83,numeric
x501,2,,,83,numeric
x635,2,,,19,numeric
x812,2,,,19,numeric
x1038,2,,,4171,category
x318,2,,,19,category
x440,2,,,13998,category
x495,1,,,83,numeric
x775,1,,,19,numeric
x912,1,,,4951,numeric
x860,1,,,19,numeric
x723,1,,,19,numeric
x923,1,,,4951,numeric
x899,1,,,4951,numeric
x308,1,,,4191,category
